{"cameraMode":{"drawMode":0,"name":"Shaded","section":"Shading Mode"},"sceneLighting":true,"audioPlay":false,"sceneViewState":{"showFog":false,"showMaterialUpdate":false,"showSkybox":true,"showFlares":false,"showImageEffects":false,"showParticleSystems":false},"in2DMode":false,"pivot":{"x":-2.26200008392334,"y":1.0399999618530274,"z":1.794700026512146},"rotation":{"x":0.07124185562133789,"y":0.5943343639373779,"z":-0.05283701792359352,"w":0.7993795871734619},"size":0.4120267629623413,"orthographic":false}