{"cameraMode":{"drawMode":0,"name":"Shaded","section":"Shading Mode"},"sceneLighting":false,"audioPlay":false,"sceneViewState":{"showFog":false,"showMaterialUpdate":false,"showSkybox":false,"showFlares":false,"showImageEffects":false,"showParticleSystems":false},"in2DMode":false,"pivot":{"x":-0.0041321925818920139,"y":0.03279615938663483,"z":0.08661837875843048},"rotation":{"x":-0.04730409383773804,"y":-0.9134767651557922,"z":0.3887076675891876,"w":-0.11128483712673187},"size":0.055681705474853519,"orthographic":false}