{"cameraMode":{"drawMode":0,"name":"Shaded","section":"Shading Mode"},"sceneLighting":false,"audioPlay":false,"sceneViewState":{"showFog":false,"showMaterialUpdate":false,"showSkybox":false,"showFlares":false,"showImageEffects":false,"showParticleSystems":false},"in2DMode":false,"pivot":{"x":0.00006302446126937866,"y":-0.014301992952823639,"z":-0.043063849210739139},"rotation":{"x":0.007094237953424454,"y":-0.985933244228363,"z":0.1614486128091812,"w":0.04351806640625},"size":1.303844690322876,"orthographic":false}