{"cameraMode":{"drawMode":0,"name":"Shaded","section":"Shading Mode"},"sceneLighting":true,"audioPlay":false,"sceneViewState":{"showFog":false,"showMaterialUpdate":false,"showSkybox":true,"showFlares":false,"showImageEffects":false,"showParticleSystems":false},"in2DMode":false,"pivot":{"x":0.0007421467453241348,"y":0.7048932313919067,"z":1.8659015893936158},"rotation":{"x":0.24525952339172364,"y":0.27044469118118288,"z":-0.07149311900138855,"w":0.9283064603805542},"size":0.24431830644607545,"orthographic":false}