{"cameraMode":{"drawMode":0,"name":"Shaded","section":"Shading Mode"},"sceneLighting":false,"audioPlay":false,"sceneViewState":{"showFog":false,"showMaterialUpdate":false,"showSkybox":false,"showFlares":false,"showImageEffects":false,"showParticleSystems":false},"in2DMode":false,"pivot":{"x":2.7199997901916506,"y":1.7879999876022339,"z":8.237001419067383},"rotation":{"x":-0.0017663899343460799,"y":-0.9970394968986511,"z":0.07372407615184784,"w":-0.023324891924858094},"size":1.5811388492584229,"orthographic":false}