{"cameraMode":{"drawMode":0,"name":"Shaded","section":"Shading Mode"},"sceneLighting":false,"audioPlay":false,"sceneViewState":{"showFog":false,"showMaterialUpdate":false,"showSkybox":false,"showFlares":false,"showImageEffects":false,"showParticleSystems":false},"in2DMode":false,"pivot":{"x":2.7198498249053957,"y":1.8404998779296876,"z":8.187026023864746},"rotation":{"x":0.022446291521191598,"y":-0.9721553325653076,"z":0.20904415845870973,"w":0.10420677065849304},"size":1.601973056793213,"orthographic":false}