{"cameraMode":{"drawMode":0,"name":"Shaded","section":"Shading Mode"},"sceneLighting":true,"audioPlay":false,"sceneViewState":{"showFog":false,"showMaterialUpdate":false,"showSkybox":true,"showFlares":false,"showImageEffects":false,"showParticleSystems":false},"in2DMode":false,"pivot":{"x":0.01600000075995922,"y":1.8420000076293946,"z":-1.0850000381469727},"rotation":{"x":-0.028071869164705278,"y":-0.08537966012954712,"z":-0.002590121468529105,"w":0.9960739612579346},"size":1.8017678260803223,"orthographic":false}