{"cameraMode":{"drawMode":0,"name":"Shaded","section":"Shading Mode"},"sceneLighting":true,"audioPlay":false,"sceneViewState":{"showFog":false,"showMaterialUpdate":false,"showSkybox":true,"showFlares":false,"showImageEffects":false,"showParticleSystems":false},"in2DMode":false,"pivot":{"x":0.34057801961898806,"y":0.10200770199298859,"z":0.8591995239257813},"rotation":{"x":0.022446291521191598,"y":-0.9721553325653076,"z":0.20904415845870973,"w":0.10420677065849304},"size":5.762445449829102,"orthographic":false}