{"cameraMode":{"drawMode":0,"name":"Shaded","section":"Shading Mode"},"sceneLighting":true,"audioPlay":false,"sceneViewState":{"showFog":false,"showMaterialUpdate":false,"showSkybox":true,"showFlares":false,"showImageEffects":false,"showParticleSystems":false},"in2DMode":false,"pivot":{"x":2.7198498249053957,"y":1.8404998779296876,"z":8.187026023864746},"rotation":{"x":0.036305174231529239,"y":-0.0030046801548451187,"z":0.00006415165989892557,"w":0.9994134902954102},"size":2.573850631713867,"orthographic":false}