{"cameraMode":{"drawMode":0,"name":"Shaded","section":"Shading Mode"},"sceneLighting":false,"audioPlay":false,"sceneViewState":{"showFog":false,"showMaterialUpdate":false,"showSkybox":false,"showFlares":false,"showImageEffects":false,"showParticleSystems":false},"in2DMode":false,"pivot":{"x":0.0545329712331295,"y":0.5380244255065918,"z":1.936218500137329},"rotation":{"x":-0.01396983116865158,"y":-0.9515464901924133,"z":0.30408158898353579,"w":-0.04369739443063736},"size":0.2840178608894348,"orthographic":false}