{"cameraMode":{"drawMode":0,"name":"Shaded","section":"Shading Mode"},"sceneLighting":false,"audioPlay":false,"sceneViewState":{"showFog":false,"showMaterialUpdate":false,"showSkybox":false,"showFlares":false,"showImageEffects":false,"showParticleSystems":false},"in2DMode":false,"pivot":{"x":1.4901161193847657e-8,"y":0.0,"z":-0.11403894424438477},"rotation":{"x":-0.12898340821266175,"y":-0.43793630599975588,"z":0.06360873579978943,"w":-0.8874701261520386},"size":0.8519396185874939,"orthographic":false}