{"cameraMode":{"drawMode":0,"name":"Shaded","section":"Shading Mode"},"sceneLighting":true,"audioPlay":false,"sceneViewState":{"showFog":false,"showMaterialUpdate":false,"showSkybox":true,"showFlares":false,"showImageEffects":false,"showParticleSystems":false},"in2DMode":false,"pivot":{"x":0.01600000075995922,"y":1.8420000076293946,"z":-1.0850000381469727},"rotation":{"x":0.09579358994960785,"y":-0.19582273066043855,"z":0.019030310213565828,"w":0.9758902192115784},"size":0.9017677903175354,"orthographic":false}