{"cameraMode":{"drawMode":0,"name":"Shaded","section":"Shading Mode"},"sceneLighting":false,"audioPlay":false,"sceneViewState":{"showFog":false,"showMaterialUpdate":false,"showSkybox":false,"showFlares":false,"showImageEffects":false,"showParticleSystems":false},"in2DMode":false,"pivot":{"x":0.00006302446126937866,"y":-0.014301992952823639,"z":-0.043063849210739139},"rotation":{"x":0.16719649732112885,"y":-0.6872602105140686,"z":0.16734357178211213,"w":0.6868695020675659},"size":1.303844690322876,"orthographic":false}