{"cameraMode":{"drawMode":0,"name":"Shaded","section":"Shading Mode"},"sceneLighting":false,"audioPlay":false,"sceneViewState":{"showFog":false,"showMaterialUpdate":false,"showSkybox":false,"showFlares":false,"showImageEffects":false,"showParticleSystems":false},"in2DMode":false,"pivot":{"x":0.02369999885559082,"y":-0.03630000352859497,"z":0.9239138960838318},"rotation":{"x":-0.09905888140201569,"y":0.04237334802746773,"z":-0.004260221961885691,"w":-0.9942057728767395},"size":1.2997685670852662,"orthographic":false}