{"cameraMode":{"drawMode":0,"name":"Shaded","section":"Shading Mode"},"sceneLighting":false,"audioPlay":false,"sceneViewState":{"showFog":false,"showMaterialUpdate":false,"showSkybox":false,"showFlares":false,"showImageEffects":false,"showParticleSystems":false},"in2DMode":false,"pivot":{"x":0.00006302446126937866,"y":-0.014301992952823639,"z":-0.043063849210739139},"rotation":{"x":0.1875622272491455,"y":-0.22293826937675477,"z":0.04379012808203697,"w":0.9556543827056885},"size":1.303844690322876,"orthographic":false}