{"cameraMode":{"drawMode":0,"name":"Shaded","section":"Shading Mode"},"sceneLighting":true,"audioPlay":false,"sceneViewState":{"showFog":false,"showMaterialUpdate":false,"showSkybox":true,"showFlares":false,"showImageEffects":false,"showParticleSystems":false},"in2DMode":false,"pivot":{"x":4.221199989318848,"y":1.7879999876022339,"z":8.18700122833252},"rotation":{"x":0.09212937206029892,"y":-0.7757076621055603,"z":0.11618411540985108,"w":0.6136234998703003},"size":0.5024961829185486,"orthographic":false}