{"cameraMode":{"drawMode":0,"name":"Shaded","section":"Shading Mode"},"sceneLighting":true,"audioPlay":false,"sceneViewState":{"showFog":false,"showMaterialUpdate":false,"showSkybox":true,"showFlares":false,"showImageEffects":false,"showParticleSystems":false},"in2DMode":false,"pivot":{"x":-0.0002558436244726181,"y":0.7048743963241577,"z":1.8664404153823853},"rotation":{"x":0.2389526069164276,"y":0.24163797497749329,"z":-0.061559733003377917,"w":0.9385518431663513},"size":0.24431830644607545,"orthographic":false}