{"cameraMode":{"drawMode":0,"name":"Shaded","section":"Shading Mode"},"sceneLighting":true,"audioPlay":false,"sceneViewState":{"showFog":false,"showMaterialUpdate":false,"showSkybox":true,"showFlares":false,"showImageEffects":false,"showParticleSystems":false},"in2DMode":false,"pivot":{"x":0.015999987721443178,"y":1.8420000076293946,"z":-1.0850000381469727},"rotation":{"x":0.06608694046735764,"y":-0.8454396724700928,"z":0.10726486146450043,"w":0.5192312598228455},"size":0.55901700258255,"orthographic":false}