{"cameraMode":{"drawMode":0,"name":"Shaded","section":"Shading Mode"},"sceneLighting":false,"audioPlay":false,"sceneViewState":{"showFog":false,"showMaterialUpdate":false,"showSkybox":false,"showFlares":false,"showImageEffects":false,"showParticleSystems":false},"in2DMode":false,"pivot":{"x":0.0,"y":0.0664999783039093,"z":0.8598614931106567},"rotation":{"x":0.022446291521191598,"y":-0.9721553325653076,"z":0.20904415845870973,"w":0.10420677065849304},"size":1.5556817054748536,"orthographic":false}