{"cameraMode":{"drawMode":0,"name":"Shaded","section":"Shading Mode"},"sceneLighting":false,"audioPlay":false,"sceneViewState":{"showFog":false,"showMaterialUpdate":false,"showSkybox":false,"showFlares":false,"showImageEffects":false,"showParticleSystems":false},"in2DMode":false,"pivot":{"x":0.01600000075995922,"y":0.7310000061988831,"z":0.0},"rotation":{"x":0.03643357753753662,"y":-0.37406980991363528,"z":0.014737952500581742,"w":0.9266090989112854},"size":1.2017678022384644,"orthographic":false}