{"cameraMode":{"drawMode":0,"name":"Shaded","section":"Shading Mode"},"sceneLighting":false,"audioPlay":false,"sceneViewState":{"showFog":false,"showMaterialUpdate":false,"showSkybox":false,"showFlares":false,"showImageEffects":false,"showParticleSystems":false},"in2DMode":false,"pivot":{"x":-0.008999999612569809,"y":0.6079999804496765,"z":2.2024500370025636},"rotation":{"x":-0.10659356415271759,"y":-0.6642827391624451,"z":0.09653492271900177,"w":-0.733523428440094},"size":0.31598204374313357,"orthographic":false}