{"cameraMode":{"drawMode":0,"name":"Shaded","section":"Shading Mode"},"sceneLighting":false,"audioPlay":false,"sceneViewState":{"showFog":true,"showMaterialUpdate":false,"showSkybox":false,"showFlares":true,"showImageEffects":true,"showParticleSystems":true},"in2DMode":false,"pivot":{"x":2.7199997901916506,"y":1.7879999876022339,"z":8.18700122833252},"rotation":{"x":0.14080913364887238,"y":-0.020794468000531198,"z":0.002956635318696499,"w":0.9898163080215454},"size":1.5819292068481446,"orthographic":false}