{"cameraMode":{"drawMode":0,"name":"Shaded","section":"Shading Mode"},"sceneLighting":true,"audioPlay":false,"sceneViewState":{"showFog":true,"showMaterialUpdate":false,"showSkybox":true,"showFlares":true,"showImageEffects":true,"showParticleSystems":true},"in2DMode":false,"pivot":{"x":1.2695978879928589,"y":1.2593657970428467,"z":2.908357858657837},"rotation":{"x":-0.01636742800474167,"y":-0.9624091982841492,"z":0.059562865644693378,"w":-0.26450014114379885},"size":1.8573338985443116,"orthographic":false}