{"cameraMode":{"drawMode":0,"name":"Shaded","section":"Shading Mode"},"sceneLighting":true,"audioPlay":false,"sceneViewState":{"showFog":false,"showMaterialUpdate":false,"showSkybox":true,"showFlares":false,"showImageEffects":false,"showParticleSystems":false},"in2DMode":false,"pivot":{"x":-0.008999999612569809,"y":0.6079999804496765,"z":2.2024500370025636},"rotation":{"x":-0.2186272144317627,"y":0.684677004814148,"z":-0.22791273891925813,"w":-0.6569165587425232},"size":0.015982065349817277,"orthographic":false}