{"cameraMode":{"drawMode":0,"name":"Shaded","section":"Shading Mode"},"sceneLighting":false,"audioPlay":false,"sceneViewState":{"showFog":false,"showMaterialUpdate":false,"showSkybox":false,"showFlares":false,"showImageEffects":false,"showParticleSystems":false},"in2DMode":false,"pivot":{"x":0.0,"y":0.0664999783039093,"z":0.8622499704360962},"rotation":{"x":-0.045444417744874957,"y":0.8733113408088684,"z":-0.08304675668478012,"w":-0.4778856039047241},"size":1.5577698945999146,"orthographic":false}