{"cameraMode":{"drawMode":0,"name":"Shaded","section":"Shading Mode"},"sceneLighting":false,"audioPlay":false,"sceneViewState":{"showFog":false,"showMaterialUpdate":false,"showSkybox":false,"showFlares":false,"showImageEffects":false,"showParticleSystems":false},"in2DMode":false,"pivot":{"x":-0.008999999612569809,"y":0.6079999804496765,"z":2.0869998931884767},"rotation":{"x":-0.11594472825527191,"y":0.3612186908721924,"z":-0.045334283262491229,"w":-0.9241843819618225},"size":0.14197275042533875,"orthographic":false}