{"cameraMode":{"drawMode":0,"name":"Shaded","section":"Shading Mode"},"sceneLighting":true,"audioPlay":false,"sceneViewState":{"showFog":false,"showMaterialUpdate":false,"showSkybox":true,"showFlares":false,"showImageEffects":false,"showParticleSystems":false},"in2DMode":false,"pivot":{"x":7.599999904632568,"y":0.6080000400543213,"z":2.087001085281372},"rotation":{"x":-0.003950293175876141,"y":0.5700845718383789,"z":-0.0027437987737357618,"w":-0.8216071724891663},"size":0.999818742275238,"orthographic":false}