{"cameraMode":{"drawMode":0,"name":"Shaded","section":"Shading Mode"},"sceneLighting":true,"audioPlay":false,"sceneViewState":{"showFog":false,"showMaterialUpdate":false,"showSkybox":true,"showFlares":false,"showImageEffects":false,"showParticleSystems":false},"in2DMode":false,"pivot":{"x":-0.01254013180732727,"y":0.6101550459861755,"z":1.9163966178894044},"rotation":{"x":0.003356942441314459,"y":0.9943804740905762,"z":-0.10058382153511048,"w":0.03312543034553528},"size":0.6335301399230957,"orthographic":false}