{"cameraMode":{"drawMode":0,"name":"Shaded","section":"Shading Mode"},"sceneLighting":true,"audioPlay":false,"sceneViewState":{"showFog":false,"showMaterialUpdate":false,"showSkybox":true,"showFlares":false,"showImageEffects":false,"showParticleSystems":false},"in2DMode":false,"pivot":{"x":2.7199997901916506,"y":1.7880001068115235,"z":8.18700122833252},"rotation":{"x":-0.2186272144317627,"y":0.684677004814148,"z":-0.22791273891925813,"w":-0.6569165587425232},"size":1.5819292068481446,"orthographic":false}