{"cameraMode":{"drawMode":0,"name":"Shaded","section":"Shading Mode"},"sceneLighting":true,"audioPlay":false,"sceneViewState":{"showFog":false,"showMaterialUpdate":false,"showSkybox":true,"showFlares":false,"showImageEffects":false,"showParticleSystems":false},"in2DMode":false,"pivot":{"x":1.1455671787261963,"y":1.3548253774642945,"z":2.3660788536071779},"rotation":{"x":-0.11594472825527191,"y":0.3612186908721924,"z":-0.045334283262491229,"w":-0.9241843819618225},"size":0.42805445194244387,"orthographic":false}