{"cameraMode":{"drawMode":0,"name":"Shaded","section":"Shading Mode"},"sceneLighting":false,"audioPlay":false,"sceneViewState":{"showFog":false,"showMaterialUpdate":false,"showSkybox":false,"showFlares":false,"showImageEffects":false,"showParticleSystems":false},"in2DMode":false,"pivot":{"x":2.7199997901916506,"y":1.7879999876022339,"z":8.18700122833252},"rotation":{"x":-0.22681497037410737,"y":0.5283542275428772,"z":-0.1489899754524231,"w":-0.804526686668396},"size":1.5819292068481446,"orthographic":false}