{"cameraMode":{"drawMode":0,"name":"Shaded","section":"Shading Mode"},"sceneLighting":true,"audioPlay":false,"sceneViewState":{"showFog":false,"showMaterialUpdate":false,"showSkybox":true,"showFlares":false,"showImageEffects":false,"showParticleSystems":false},"in2DMode":false,"pivot":{"x":2.7199997901916506,"y":1.8404998779296876,"z":8.18700122833252},"rotation":{"x":-0.05871015042066574,"y":-0.04880146682262421,"z":0.002843166934326291,"w":-0.9971233606338501},"size":1.5992987155914307,"orthographic":false}