{"cameraMode":{"drawMode":0,"name":"Shaded","section":"Shading Mode"},"sceneLighting":false,"audioPlay":false,"sceneViewState":{"showFog":false,"showMaterialUpdate":false,"showSkybox":false,"showFlares":false,"showImageEffects":false,"showParticleSystems":false},"in2DMode":false,"pivot":{"x":-0.008999999612569809,"y":0.6079999804496765,"z":2.2024500370025636},"rotation":{"x":-0.045444417744874957,"y":0.8733113408088684,"z":-0.08304675668478012,"w":-0.4778856039047241},"size":0.015982061624526979,"orthographic":false}