{"cameraMode":{"drawMode":0,"name":"Shaded","section":"Shading Mode"},"sceneLighting":true,"audioPlay":false,"sceneViewState":{"showFog":false,"showMaterialUpdate":false,"showSkybox":true,"showFlares":false,"showImageEffects":false,"showParticleSystems":false},"in2DMode":false,"pivot":{"x":3.146113395690918,"y":0.9135448932647705,"z":9.001842498779297},"rotation":{"x":-0.23611125349998475,"y":0.19291013479232789,"z":-0.04791358485817909,"w":-0.9512127637863159},"size":1.8819291591644288,"orthographic":false}