{"cameraMode":{"drawMode":0,"name":"Shaded","section":"Shading Mode"},"sceneLighting":false,"audioPlay":false,"sceneViewState":{"showFog":false,"showMaterialUpdate":false,"showSkybox":false,"showFlares":false,"showImageEffects":false,"showParticleSystems":false},"in2DMode":false,"pivot":{"x":0.0,"y":0.0664999783039093,"z":0.8622499704360962},"rotation":{"x":-0.11594472825527191,"y":0.3612186908721924,"z":-0.045334283262491229,"w":-0.9241843819618225},"size":1.5577698945999146,"orthographic":false}