{"cameraMode":{"drawMode":0,"name":"Shaded","section":"Shading Mode"},"sceneLighting":true,"audioPlay":false,"sceneViewState":{"showFog":false,"showMaterialUpdate":false,"showSkybox":true,"showFlares":false,"showImageEffects":false,"showParticleSystems":false},"in2DMode":false,"pivot":{"x":2.7199997901916506,"y":1.8404998779296876,"z":8.18700122833252},"rotation":{"x":-0.014888741075992585,"y":-0.23419131338596345,"z":0.003568988526239991,"w":-0.9721182584762573},"size":6.701711654663086,"orthographic":false}