{"cameraMode":{"drawMode":0,"name":"Shaded","section":"Shading Mode"},"sceneLighting":true,"audioPlay":false,"sceneViewState":{"showFog":false,"showMaterialUpdate":false,"showSkybox":true,"showFlares":false,"showImageEffects":false,"showParticleSystems":false},"in2DMode":false,"pivot":{"x":-0.01254013180732727,"y":0.6101550459861755,"z":1.9163966178894044},"rotation":{"x":0.004158323165029287,"y":0.982998251914978,"z":-0.18223899602890016,"w":0.022416742518544198},"size":0.6335301399230957,"orthographic":false}