{"cameraMode":{"drawMode":0,"name":"Shaded","section":"Shading Mode"},"sceneLighting":true,"audioPlay":false,"sceneViewState":{"showFog":false,"showMaterialUpdate":false,"showSkybox":true,"showFlares":false,"showImageEffects":false,"showParticleSystems":false},"in2DMode":false,"pivot":{"x":2.7199997901916506,"y":1.8404998779296876,"z":8.18700122833252},"rotation":{"x":-0.12898340821266175,"y":-0.43793630599975588,"z":0.06360873579978943,"w":-0.8874701261520386},"size":1.5992987155914307,"orthographic":false}